<?xml version="1.0" encoding="UTF-8"?>
<!DOCTYPE hibernate-mapping PUBLIC  
 "-//Hibernate/Hibernate Mapping DTD 3.0//EN"  
 "http://hibernate.sourceforge.net/hibernate-mapping-3.0.dtd">
<hibernate-mapping>
   <class name="dao.Student" table="student">
         <id name="rno" column="rno">
              <generator class="assigned"/>
         </id>
         <property name="sname" column="sname" />
         <property name="branch" column="branch" /> 
         <property name="fees" column="fees" /> 
         
         </class>
</hibernate-mapping>